/name,/id,/keyword,/posts/origLang,/posts/id,/posts/message,/posts/comments/comments,/posts/comments/origLang,/posts/comments/id,/posts/comments/message,/posts/comments/likes
"Enbrel","246978388713718","Enbrel","en","246978388713718_1300350870043126","Hello friends, excuse me that I have been a little absent, tell me your experiences with Enbrel",,,,,
"Enbrel","246978388713718","Enbrel","en","246978388713718_1288011451277068","I have been on Enbrel for about 5 years now. I still can't give myself the shot. I hate needles and that click gives me anxiety not to mention that some of them are soooo slow!!! Any suggestions on how to make the experience better?????",,,,,
"Enbrel","246978388713718","Enbrel","en","246978388713718_10154499310062545","You have no idea how good it feels not to be digging at my skin and be able to wear shorts without being self conscious about scaley patches all over me... No more psoriasis for me #enbrel",,,,,
"Enbrel","246978388713718","Enbrel","en","246978388713718_1224737717604442","Thank you so much for the support card!  I am very grateful.",,"en","1224737717604442_1300346143376932","Hi, what is the support card?",
"Enbrel","246978388713718","Enbrel","en","246978388713718_1122341171177431","Every one need Enbrel ?? Pv me",,,,,
"Enbrel","246978388713718","Enbrel","en","246978388713718_1051217234956492","Drop Phil Mickelson as your \"celebrity\" endorser. Not only does he think he should not pay taxes , the SEC gave him a free pass on insider trading. Phil Mickleson is a man with no integrity and an obvious liar why would you want him as a spokesman?  I will no longer allow your drug reps in my practice and will encourage colleagues to do the same",,"en","1051217234956492_1218827148195499","He is a person that should never be trusted . I wonder ifhe cheats playing golf . God knows he stole money from thousands of investors but his slick lawyers got him off with just some fines . He should have done prison time like ant other criminal . But you people stick that jerk in our face with your ad's . Drop this bum he is a discrace  to too all golf sports fan .",
"Enbrel","246978388713718","Enbrel","en","246978388713718_1051217234956492","Drop Phil Mickelson as your \"celebrity\" endorser. Not only does he think he should not pay taxes , the SEC gave him a free pass on insider trading. Phil Mickleson is a man with no integrity and an obvious liar why would you want him as a spokesman?  I will no longer allow your drug reps in my practice and will encourage colleagues to do the same",,"en","1051217234956492_1218983288179885","I guess white collar crime pays.  Really ridiculous that he is kept as a spokes person.",
"Enbrel","246978388713718","Enbrel","en","246978388713718_957335724344644","hello friends as they will with Enbrel?",,,,,
"Enbrel","246978388713718","Enbrel","","246978388713718_942234012521482","https://www.youtube.com/watch?v=lGGwg9GcPUA",,,,,
"Enbrel","246978388713718","Enbrel","","246978388713718_942233885854828","https://www.youtube.com/watch?v=tB0sREKkkUc",,,,,
"Enbrel","246978388713718","Enbrel","en","246978388713718_795670157177869","Watching the ad with Phil . Anyone notice he steals that die cast truck he brings home",,,,,
"Enbrel","246978388713718","Enbrel","en","246978388713718_714906458587573","Paid Research for People with Rheumatoid Arthritis (taking Enbrel, Humira, SmartJect, Remicade, or Orencia), Ankylosing Spondylitis, Psoriatic Arthritis, Ulcerative Colitis, their Caregivers, and Nurses in Rheumatology. \n\nDate: October 2014\nCompensation: $150 Cash\nTime commitment: (1) 30-minute session\nLocation: San Jose, CA, Saratoga, CA, or San Francisco, CA\n\nInterface Analysis Associates (IAA) is a Bay Area health care consumer research firm that conducts usability studies for medical devices and drug delivery systems. Our research helps to create patient-centered products that are safer, easier to learn, and more enjoyable to use. In our studies, we let you simulate use of a new device, procedure, or set of instructions and ask for your feedback and preferences. Everything is simulated in our studies- you are never asked to take any drug, injection, etc.\n\nIf you are interested in contributing to the design of future medication delivery devices and want to get paid for your input, please contact us today at (408) 907-6866 or email us at: iaa_research@yahoo.com. Please include your name, telephone number, and refer to the \"RA Study.\"\n\nThank you.",,,,,
"Enbrel","246978388713718","Enbrel","","246978388713718_1443421019264309","http://www.youtube.com/watch?v=kYR6U_qIiJw",,,,,
"Enbrel","110002425696002","Enbrel",,,,,,,,
"Enbrel","378720988960210","Enbrel","ro","378720988960210_715325845299721","Sa mi dea bunul Dumnezeu sa mi aprobe acest tratament ,ca sa pot sa merg mai departe  ,le multumesc celor care ma ajuta .",,,,,
"Enbrel","378720988960210","Enbrel","en","378720988960210_10152618556264601","Love this!  First time in years I do not have constant pain.",,,,,
"Enbrel","378720988960210","Enbrel","nl","378720988960210_378729608959348","ik zou graag in contact willen komen met mensen die ook enbrel gebruiken.",,"af","378729608959348_433342626831379","Ja alleen ik weet nog niet precies hoe ik de facebookpagina bekent maak",
"Enbrel","378720988960210","Enbrel","nl","378720988960210_378729608959348","ik zou graag in contact willen komen met mensen die ook enbrel gebruiken.",,"af","378729608959348_433335213498787","Hoi ik was al lid van een engelse site voor enbrel gebruikers maar hier is ook 1 dus...:)",
"Enbrel","378720988960210","Enbrel","nl","378720988960210_378729608959348","ik zou graag in contact willen komen met mensen die ook enbrel gebruiken.",,"nl","378729608959348_433353370163638","Misschien vrienden uitnodigen? ? Weet t zo ook niet hoor ...üòï",
"Enbrel","378720988960210","Enbrel","nl","378720988960210_378729608959348","ik zou graag in contact willen komen met mensen die ook enbrel gebruiken.",,"de","378729608959348_756141957884776","Dass beste Medikament  leider in Deutschland bezahlt nicht mher die Krankenkasse daf√ºr nehmen  wir benepali die nicht so besonders gut  ist",
"Enbrel","378720988960210","Enbrel","nl","378720988960210_378729608959348","ik zou graag in contact willen komen met mensen die ook enbrel gebruiken.",,"es","378729608959348_742158589283113","Eu uso...",
"Enbrel","378720988960210","Enbrel","","378720988960210_378722792293363",,,,,,
"Stylo Myclic Enbrel","481966821831978","Enbrel","fr","481966821831978_481990328496294","En cr√©ant cette page je souhaite sensibiliser le laboratoire en r√©coltant des t√©moignages qui souhaiteraient utiliser le stylo MYCLIC pour le dosage √† 25mg dans le cadre du traitement contre la spondylarthrite ankylosante, dans un but de confort et de facilit√© √† g√©rer ce traitement.",,"fr","481990328496294_109869184","tu le veux absolument en \"myclic\"? il y a les seringues en 25",
"Stylo Myclic Enbrel","481966821831978","Enbrel","fr","481966821831978_481990328496294","En cr√©ant cette page je souhaite sensibiliser le laboratoire en r√©coltant des t√©moignages qui souhaiteraient utiliser le stylo MYCLIC pour le dosage √† 25mg dans le cadre du traitement contre la spondylarthrite ankylosante, dans un but de confort et de facilit√© √† g√©rer ce traitement.",,"fr","481990328496294_109871808","Ca va sortir mais pas avant 24 mois... Autre option Myclic 50mg ts les 15 jours",
"Stylo Myclic Enbrel","481966821831978","Enbrel","fr","481966821831978_481990328496294","En cr√©ant cette page je souhaite sensibiliser le laboratoire en r√©coltant des t√©moignages qui souhaiteraient utiliser le stylo MYCLIC pour le dosage √† 25mg dans le cadre du traitement contre la spondylarthrite ankylosante, dans un but de confort et de facilit√© √† g√©rer ce traitement.",,"fr","481990328496294_109873662","Merci pour cette info. \nMyclic 50mg toutes les semaines ne me couvrait que sur 3 jours. C'est pour cela que je suis pass√©e √† 2x25... Et c'est mieux. ",
"Stylo Myclic Enbrel","481966821831978","Enbrel","fr","481966821831978_481990328496294","En cr√©ant cette page je souhaite sensibiliser le laboratoire en r√©coltant des t√©moignages qui souhaiteraient utiliser le stylo MYCLIC pour le dosage √† 25mg dans le cadre du traitement contre la spondylarthrite ankylosante, dans un but de confort et de facilit√© √† g√©rer ce traitement.",,"fr","481990328496294_849831245045532","Depuis l'utilisation de Myclic, je suis pass√© d'une injection de 50 ml par semaine √† une tous les 15 jours. j'espere pour tous que ce rem√®de fasse le plus grand bien.",
"Stylo Myclic Enbrel","481966821831978","Enbrel","fr","481966821831978_481990328496294","En cr√©ant cette page je souhaite sensibiliser le laboratoire en r√©coltant des t√©moignages qui souhaiteraient utiliser le stylo MYCLIC pour le dosage √† 25mg dans le cadre du traitement contre la spondylarthrite ankylosante, dans un but de confort et de facilit√© √† g√©rer ce traitement.",,"nl","481990328496294_1007835282578460","Vandaag begonnen met enbrel 1maal 50ml in de week !!, ik ben benieuwd hopen op goed resultaat .",
"Stylo Myclic Enbrel","481966821831978","Enbrel","fr","481966821831978_481990328496294","En cr√©ant cette page je souhaite sensibiliser le laboratoire en r√©coltant des t√©moignages qui souhaiteraient utiliser le stylo MYCLIC pour le dosage √† 25mg dans le cadre du traitement contre la spondylarthrite ankylosante, dans un but de confort et de facilit√© √† g√©rer ce traitement.",,"nl","481990328496294_1013648251997163","Veel succes!! Heeft bij mij zeer goede resultaten :)",
"Enbrel Flacon","1428574470788367","Enbrel","","1428574470788367_1428577854121362",,,"tr","1428577854121362_1428578840787930","enbrel flakon kullananlara 3000 tl yardƒ±m sizi bekliyor...",
"Psoriasi - Enbrel","1077355442275692","Enbrel",,,,,,,,
"Enbrelys cr√©atrice de bijoux et d'accessoires fantaisie","259321830917351","Enbrel","fr","259321830917351_699229056926624","Bonjour,\nJ'esp√®re que vous allez bien!\nMa formation c'est tr√®s bien pass√© et je pr√©pare maintenant mon activit√©.\nUn changement a √©t√© fait dans mon projet. Je voulais ouvrir une boutique mais la viabilit√© √©conomique √©tant remise en cause suit √† l'arriv√©e d'un concurrent. J'ai donc d√©cid√© de me lancer dans l'animation d'ateliers cr√©ations bijoux au domicile des clientes ainsi que les centres de loisir et autres collectivit√©s. Mais avant de me lancer j'ai beaucoup de chose √† faire et √† pr√©parer.\nJe ne serai donc pas pr√©sente sur ma page.\nMerci de votre fid√©lit√©.\nA bient√¥t\nAur√©lia",,,,,
"Enbrelys cr√©atrice de bijoux et d'accessoires fantaisie","259321830917351","Enbrel","","259321830917351_675795329269997",,,,,,
"Enbrelys cr√©atrice de bijoux et d'accessoires fantaisie","259321830917351","Enbrel","fr","259321830917351_674197852763078","Bonjour √† vous,\nJe vous souhaite une merveilleuse ann√©e 2017!üçÄ\nEt merci √† toutes et tous de me suivre. üòâ.",,,,,
"Enbrelys cr√©atrice de bijoux et d'accessoires fantaisie","259321830917351","Enbrel","","259321830917351_668935059956024",,,,,,
"Enbrelys cr√©atrice de bijoux et d'accessoires fantaisie","259321830917351","Enbrel","fr","259321830917351_668926143290249","Bonjour √† toutes et tous \nVoici ma derni√®re cr√©ation de l'ann√©e 2016. Rien que pour moi !üòÜ",,,,,
"Enbrelys cr√©atrice de bijoux et d'accessoires fantaisie","259321830917351","Enbrel","fr","259321830917351_660693360780194","Bonsoir üíé\n\nVoici pour nos princesses une parure de la gamme comme les grandes (pour enfants). \nCouleurs au choix. \nCollier 20cm. \nParure √† 12,50‚Ç¨",,,,,
"Enbrelys cr√©atrice de bijoux et d'accessoires fantaisie","259321830917351","Enbrel","fr","259321830917351_659977914185072","Bonjour √† toutes \nVoici une id√©eüéÅ √† mettre sous le üéÑ. \n \n16‚Ç¨",,,,,
"Enbrelys cr√©atrice de bijoux et d'accessoires fantaisie","259321830917351","Enbrel","fr","259321830917351_657122917803905","Bonjour √† tous \nRemise en beaut√© d'un sautoir .",,,,,
"Enbrelys cr√©atrice de bijoux et d'accessoires fantaisie","259321830917351","Enbrel","fr","259321830917351_657122614470602","Transformation de boucles d'oreilles clips en boucles d'oreilles tiges",,,,,
"Enbrelys cr√©atrice de bijoux et d'accessoires fantaisie","259321830917351","Enbrel","fr","259321830917351_649436775239186","Bonjour √† tous",,,,,
"Enbrelys cr√©atrice de bijoux et d'accessoires fantaisie","259321830917351","Enbrel","fr","259321830917351_636224906560373","Bonjour,\nBo√Æte √† bijoux VENDU",,,,,
"Enbrelys cr√©atrice de bijoux et d'accessoires fantaisie","259321830917351","Enbrel","fr","259321830917351_633690263480504","Bonjour,\n\nOffres !!! Sur les bo√Ætes √† bijoux, √† secrets ou autres......\nPour faire plaisir √† No√´l !!! üéÖüéÖüéÖ\n\n30,50‚Ç¨ au lieu de 35‚Ç¨\n28,59‚Ç¨ au lieu de 32,50‚Ç¨",,,,,
"Enbrelys cr√©atrice de bijoux et d'accessoires fantaisie","259321830917351","Enbrel","fr","259321830917351_631058767076987","Bonsoir √† tous \nNouveaut√© !!!!\nJe vous propose des bijoux en .....BETON!!!",,,,,
"Enbrelys cr√©atrice de bijoux et d'accessoires fantaisie","259321830917351","Enbrel","fr","259321830917351_627394577443406","Bonjour √† tous, \nLa bo√Æte √† bijoux est vendu !",,,,,
"Enbrelys cr√©atrice de bijoux et d'accessoires fantaisie","259321830917351","Enbrel","fr","259321830917351_626467494202781","Bonjour √† tous,\nLes bo√Ætes √† bijoux, √† secrets..... sont termin√© !\nComme pour le mod√®le que je vous ai montr√© il y a quelques temps de cela , j'ai fait faire la peinture par BPH-Peinture Hydrographique.\nLes rendus des couleurs que j'ai choisies pour les bo√Ætes sont tr√®s belle et j'ai voulu garder l'aspect rugueux des bo√Ætes en bois, j'en suis satisfaite.\nEt ensuite √† moi la d√©co !!!\nVoici des photos.",,,,,
"Enbrelys cr√©atrice de bijoux et d'accessoires fantaisie","259321830917351","Enbrel","fr","259321830917351_623895014460029","Bonjour,\nVoici ma nouvelle carte de visite",,,,,
"Enbrelys cr√©atrice de bijoux et d'accessoires fantaisie","259321830917351","Enbrel","fr","259321830917351_623894787793385","Bonjour,\nNouvelle carte de visite",,,,,
"Enbrelys cr√©atrice de bijoux et d'accessoires fantaisie","259321830917351","Enbrel","fr","259321830917351_622151641301033","Bonsoir √† vous tous ! üòÄ\n\nVoici la liste des cr√©ateurs qui participe au march√©.\nCliquez sur le lien pour les d√©couvrir ainsi que quelques cr√©ations.\nüòâ.",,,,,
"Enbrelys cr√©atrice de bijoux et d'accessoires fantaisie","259321830917351","Enbrel","fr","259321830917351_616262225223308","Bonjour √† vous tousüòä\n\nUne occasion √† ne pas manquer !!!\n\nEnbrelys cr√©ations sera pr√©sente au march√© de cr√©ateurs \n\nVenez nombreuxüòâ.  PARTAGER un maximum !!!!!!",,,,,
"Enbrelys cr√©atrice de bijoux et d'accessoires fantaisie","259321830917351","Enbrel","fr","259321830917351_635474783300291","Bonjour je suis l√† gagnante du concours de la page https://m.facebook.com/KeepCalmLoveMyWorld/ est ce possible de vous envoyer mes coordonn√©es par commentaire car j'ai des soucis informatique pour allez sur mes messages priv√© ? üòä",,"fr","635474783300291_635504576630645","Bonjour, \nD'abord, f√©licitation üôå LAURA MOORE, ravie que les boucles d'oreilles vous plaiseüòä.\nOui vous pouvez passer par les commentaires. \nCordialement,\nAur√©lia.",
"Enbrelys cr√©atrice de bijoux et d'accessoires fantaisie","259321830917351","Enbrel","fr","259321830917351_635474783300291","Bonjour je suis l√† gagnante du concours de la page https://m.facebook.com/KeepCalmLoveMyWorld/ est ce possible de vous envoyer mes coordonn√©es par commentaire car j'ai des soucis informatique pour allez sur mes messages priv√© ? üòä",,"fr","635474783300291_635510313296738","Merci beaucoup. Je tiens √† les offrir √† une personne de ma famille c'est possible de lui donner son adresse. ? üòä",
"Enbrelys cr√©atrice de bijoux et d'accessoires fantaisie","259321830917351","Enbrel","fr","259321830917351_614083388774525","Bonjour √† tous !\nNouveaut√© chez EnbrelysüòÜ\nUne bo√Æte √† bijoux !\nUne bo√Æte √† secrets !\nOu pourquoi pas une bo√Æte √† troph√©es ! pour y d√©poser vos m√©dailles gagn√© lors de concours ou matchs ...\nBient√¥t les f√™tes de fin d'ann√©e et oui cela va arriver tr√®s vite !üòÑ\nJ'ai fait faire la peinture par BPH-Peinture Hydrographique22 (page facebook) pour √™tre sur d'avoir une bonne peinture sur mes bo√Ætes en bois.\nA partir de 35‚Ç¨.\n\nVOICI UN MOD√àLE",,,,,
"Enbrelys cr√©atrice de bijoux et d'accessoires fantaisie","259321830917351","Enbrel","fr","259321830917351_607127989470065","Bonjour √† vous ‚ò∫",,,,,
"Enbrelys cr√©atrice de bijoux et d'accessoires fantaisie","259321830917351","Enbrel","fr","259321830917351_597907053725492","hello ..des mod√©les pour les boucles d'oreilles fillettes ... et tarifs svp ?:)))) merci:)",,"fr","597907053725492_597946970388167","Bonjour Yasmine,\n Oui c'est possible , cela d√©pend du mod√®le de boucles d'oreilles pour fillettes que tu souhaites !  Plus de d√©tails  ou m√™me photo ,merci.\n√âtant donn√© que je suis en vacances je ne pourrai te r√©pondre que dans 15 jours maintenant. üòÉ . Bonne soir√©e.",
"Enbrelys cr√©atrice de bijoux et d'accessoires fantaisie","259321830917351","Enbrel","","259321830917351_592887110894153",,,,,,
"Enbrelys cr√©atrice de bijoux et d'accessoires fantaisie","259321830917351","Enbrel","fr","259321830917351_591673857682145","Bonjour √† tous",,,,,
"Enbrelys cr√©atrice de bijoux et d'accessoires fantaisie","259321830917351","Enbrel","","259321830917351_591673627682168",,,,,,
"Enbrelys cr√©atrice de bijoux et d'accessoires fantaisie","259321830917351","Enbrel","fr","259321830917351_587149644801233","Bonjour √† tous,\nBienvenue aux nouveaux membres.",,,,,
"Enbrelys cr√©atrice de bijoux et d'accessoires fantaisie","259321830917351","Enbrel","fr","259321830917351_586998431483021","Sautoir 42cm. 16,50‚Ç¨",,,,,
"Enbrelys cr√©atrice de bijoux et d'accessoires fantaisie","259321830917351","Enbrel","sw","259321830917351_585745431608321","Ma BRETAGNE !!!",,,,,
"Enbrelys cr√©atrice de bijoux et d'accessoires fantaisie","259321830917351","Enbrel","fr","259321830917351_584014895114708","Exposition/vente aux couleurs du club de gymnastique CST lors du gala de fin d'ann√©e .\nUne partie de la vente leur sera revers√©.",,,,,
"Enbrelys cr√©atrice de bijoux et d'accessoires fantaisie","259321830917351","Enbrel","fr","259321830917351_582523721930492","Bonjour √† tous,",,,,,
"Enbrelys cr√©atrice de bijoux et d'accessoires fantaisie","259321830917351","Enbrel","fr","259321830917351_578312975684900","Bonsoir \nUne remise en beaut√© pour ce sautoir",,,,,
"Enbrelys cr√©atrice de bijoux et d'accessoires fantaisie","259321830917351","Enbrel","","259321830917351_573673849482146",,,,,,
"Enbrelys cr√©atrice de bijoux et d'accessoires fantaisie","259321830917351","Enbrel","fr","259321830917351_573372562845608","Bonjour √† vous\nPour d√©couvrir certains bijoux D' ENBRELYS , allez faire un tour √† la PAPETERIE/ PRESSE de Ploufragan (√† c√¥t√© du CMB ) ou j'ai d√©pos√© certaines de mes cr√©ations.\nMerci √† eux.",,,,,
"Enbrelys cr√©atrice de bijoux et d'accessoires fantaisie","259321830917351","Enbrel","fr","259321830917351_573210649528466","Bonjour √† toutes et tous\nCollier pour nos gar√ßons",,,,,
"Enbrelys cr√©atrice de bijoux et d'accessoires fantaisie","259321830917351","Enbrel","fr","259321830917351_572719906244207","Cr√©oles avec perles de verre cristal crack l√© 10‚Ç¨  \\ Cr√©oles avec perles de shamballa 11‚Ç¨",,,,,
"Enbrelys cr√©atrice de bijoux et d'accessoires fantaisie","259321830917351","Enbrel","fr","259321830917351_572319552950909","Collier avec fermoir inoxydable. 10,50‚Ç¨.",,,,,
"Enbrelys cr√©atrice de bijoux et d'accessoires fantaisie","259321830917351","Enbrel","en","259321830917351_572319186284279","Bracelet 18cm, fermoir inoxydable. 6‚Ç¨.",,,,,
"Enbrelys cr√©atrice de bijoux et d'accessoires fantaisie","259321830917351","Enbrel","de","259321830917351_572319086284289","Collier 12,50‚Ç¨",,,,,
"Enbrelys cr√©atrice de bijoux et d'accessoires fantaisie","259321830917351","Enbrel","pt","259321830917351_572318832950981","BO 8‚Ç¨",,,,,
"Enbrelys cr√©atrice de bijoux et d'accessoires fantaisie","259321830917351","Enbrel","en","259321830917351_572318656284332","Bracelet 18cm, fermoir inoxydable. 7‚Ç¨.",,"fi","572318656284332_572468026269395","Trop joli...",
"Enbrelys cr√©atrice de bijoux et d'accessoires fantaisie","259321830917351","Enbrel","en","259321830917351_572318502951014","BO crochets argent 925 . 5,50‚Ç¨.",,,,,
"Enbrelys cr√©atrice de bijoux et d'accessoires fantaisie","259321830917351","Enbrel","fr","259321830917351_572318252951039","Sautoir 14‚Ç¨.",,,,,
"Enbrelys cr√©atrice de bijoux et d'accessoires fantaisie","259321830917351","Enbrel","fr","259321830917351_572317896284408","Sautoir 43cm. 19,50‚Ç¨.",,,,,
"Enbrelys cr√©atrice de bijoux et d'accessoires fantaisie","259321830917351","Enbrel","fr","259321830917351_568901863292678","Bonjour √† toutes et tous \nJe remercie la PAPETERIE/PRESSE du centre de Ploufragan de m'avoir propos√© d'exposer mes cr√©ations le vendredi 27 mai.\nUn accueil chaleureux \nUne matin√©e de rencontres et de retour positive.\nEncore merci.",,,,,
"Enbrelys cr√©atrice de bijoux et d'accessoires fantaisie","259321830917351","Enbrel","fr","259321830917351_566475943535270","Bonjour √† toutes et tous \n\nVendredi 27 Mai \nExposition des bijoux ENBRELYS √† la PAPETERIE/PRESSE dans le centre de Ploufragan \n√Ä partir de 10h jusque 12h30.",,,,,
"Enbrelys cr√©atrice de bijoux et d'accessoires fantaisie","259321830917351","Enbrel","fr","259321830917351_562078030641728","Petit cadeau pour les futures mamans !",,,,,
"Enbrelys cr√©atrice de bijoux et d'accessoires fantaisie","259321830917351","Enbrel","fr","259321830917351_561624157353782","Bonjour √† toutes \n\nUne pens√©e pour les futures mari√©es !\n\nVoici deux mod√®les de colliers pour accompagner votre magnifique robe le jour J.\n\nCollier de gauche 22‚Ç¨ .           Collier de droite 30‚Ç¨.\nVENDU",,,,,
"Enbrelys cr√©atrice de bijoux et d'accessoires fantaisie","259321830917351","Enbrel","es","259321830917351_560432677472930","Bague 15‚Ç¨",,,,,
"Enbrelys cr√©atrice de bijoux et d'accessoires fantaisie","259321830917351","Enbrel","fr","259321830917351_560430487473149","Sautoir , perles de r√©sine nacr√©e et perle centrale m√©tallique. 41cm.\n14,50‚Ç¨  VENDU",,,,,
"Enbrelys cr√©atrice de bijoux et d'accessoires fantaisie","259321830917351","Enbrel","fr","259321830917351_559822317533966","Bo lunes √† chouettes 15,50‚Ç¨. Il ne reste plus qu'une paire , n'h√©sitez pas √† vous faire plaisirüòâ",,,,,
"Enbrelys cr√©atrice de bijoux et d'accessoires fantaisie","259321830917351","Enbrel","fr","259321830917351_559810310868500","Bo pastilles avec perles √† facettes 8,50‚Ç¨.",,,,,
"Enbrelys cr√©atrice de bijoux et d'accessoires fantaisie","259321830917351","Enbrel","fr","259321830917351_559801410869390","Bo attrape r√™ves cha√Ænes 16‚Ç¨.",,,,,
"Enbrelys cr√©atrice de bijoux et d'accessoires fantaisie","259321830917351","Enbrel","fr","259321830917351_559801160869415","Bo attrape r√™ves pastilles m√©tal 16‚Ç¨.",,,,,
"Enbrelys cr√©atrice de bijoux et d'accessoires fantaisie","259321830917351","Enbrel","fr","259321830917351_558221074360757","Sautoir 36cm. 18‚Ç¨.\nPerle r√©sine noir grav√© de fleurs. Il ne reste plus qu'un sautoir en stock !",,,,,
"Enbrelys cr√©atrice de bijoux et d'accessoires fantaisie","259321830917351","Enbrel","fr","259321830917351_558216707694527","Sautoir 37cm. 19,50‚Ç¨ .\nDiff√©rentes Cha√Ænes m√©tal avec perles √† facettes grise. VENDU",,,,,
"Enbrelys cr√©atrice de bijoux et d'accessoires fantaisie","259321830917351","Enbrel","fr","259321830917351_558106924372172","Sautoir chouette. 15‚Ç¨ .\n39cm/ strass pour les yeux.",,"fr","558106924372172_558119334370931","Chouette üòâ",
"Enbrelys cr√©atrice de bijoux et d'accessoires fantaisie","259321830917351","Enbrel","fr","259321830917351_558101594372705","Bo plumes 15,50‚Ç¨\nTr√®s l√©g√®res, 11cm.",,,,,
"Enbrelys cr√©atrice de bijoux et d'accessoires fantaisie","259321830917351","Enbrel","fr","259321830917351_558093734373491","Marques pages liberty, breloque au choix. 15‚Ç¨.",,"fr","558093734373491_558206004362264","Liberty rose √† pois blanc ainsi que la chouette R√âSERV√â.",
"Enbrelys cr√©atrice de bijoux et d'accessoires fantaisie","259321830917351","Enbrel","","259321830917351_558014964381368",,,,,,
"Enbrelys cr√©atrice de bijoux et d'accessoires fantaisie","259321830917351","Enbrel","","259321830917351_557537784429086",,,,,,
"Enbrelys cr√©atrice de bijoux et d'accessoires fantaisie","259321830917351","Enbrel","","259321830917351_542167139299484",,,"fr","542167139299484_542409852608546","Cc c est tu r√©cup√©r√© internet super !",
"Enbrelys cr√©atrice de bijoux et d'accessoires fantaisie","259321830917351","Enbrel","fr","259321830917351_536985973150934","Bonjour √† vous\nVoici l'association √† qui je verserai chaque fin d'ann√©e un don suite aux ventes de mes cr√©ations de bijoux.",,,,,
"Enbrelys cr√©atrice de bijoux et d'accessoires fantaisie","259321830917351","Enbrel","fr","259321830917351_536056423243889","Voici les news de la page! Contente de pouvoir aider  chaque fin d'ann√©e l'association L'ENDOMETRIOSE gr√¢ce aux vente de mes cr√©ations. \nN'h√©sitez surtout pas √† me contacter pour une r√©union √† domicile , pour participer aux dons. Merci !",,,,,
"Enbrelys cr√©atrice de bijoux et d'accessoires fantaisie","259321830917351","Enbrel","","259321830917351_533281363521395",,,,,,
"Enbrelys cr√©atrice de bijoux et d'accessoires fantaisie","259321830917351","Enbrel","fr","259321830917351_533275356855329","Bonjour √† tous\nSuite √† un gros probl√®me d'op√©rateur internet je ne peux √™tre pr√©sente sur ma page . \nJe profite aujourd'hui d'√™tre chez quelqu'un pour me connecter. \n\nVoici les nouvelles : Cr√©ations de bijoux pour mariage (photos prochainement )\n                                   \n                                   R√©unions √† domicile \n\n                                   Aide √† l'association L'ENDOMETRIOSE  ( page facebook EndoFrance). Chaque fin d'ann√©e un don sera revers√©e . \n                                  \n                                  R√©paration de bijoux fantaisie \nBonne journ√©e üòÄ",,"sw","533275356855329_533374076845457","Maman",
"Enbrelys cr√©atrice de bijoux et d'accessoires fantaisie","259321830917351","Enbrel","fr","259321830917351_516449148537950","Bonjour √† vous tous \nBienvenue aux nouveaux membres.",,,,,
"Enbrelys cr√©atrice de bijoux et d'accessoires fantaisie","259321830917351","Enbrel","","259321830917351_516447851871413",,,,,,
"Enbrelys cr√©atrice de bijoux et d'accessoires fantaisie","259321830917351","Enbrel","fr","259321830917351_516446031871595","La breloque de gymnastique sera chang√© par une autre . Sauf pour les 4 premi√®res commandes. Merci de votre compr√©hension. Une photo va √™tre envoy√©.",,,,,
"Enbrelys cr√©atrice de bijoux et d'accessoires fantaisie","259321830917351","Enbrel","fr","259321830917351_516233921892806","Pour 4 classes de 5√®me",,"fr","516233921892806_519056181610580","Salut yaya je suis la coll√®gue de Marie tu peux me commander 1 porte clef big ben Merci üòâ",
"Enbrelys cr√©atrice de bijoux et d'accessoires fantaisie","259321830917351","Enbrel","fr","259321830917351_516233921892806","Pour 4 classes de 5√®me",,"fr","516233921892806_517265531789645","j'en commande 3, tu diras a maelys de les choisir pour moi",
"Enbrelys cr√©atrice de bijoux et d'accessoires fantaisie","259321830917351","Enbrel","fr","259321830917351_516233921892806","Pour 4 classes de 5√®me",,"fr","516233921892806_516293781886820","On fait comment pour commander je suis aussi du Cst",
"Enbrelys cr√©atrice de bijoux et d'accessoires fantaisie","259321830917351","Enbrel","fr","259321830917351_516233921892806","Pour 4 classes de 5√®me",,"da","516233921892806_516303918552473","Je veux bien prendre big ben",
"Enbrelys cr√©atrice de bijoux et d'accessoires fantaisie","259321830917351","Enbrel","fr","259321830917351_516233921892806","Pour 4 classes de 5√®me",,"fr","516233921892806_517284371787761","Mam√© prend un mod√®le de chaque bibi",
"Enbrelys cr√©atrice de bijoux et d'accessoires fantaisie","259321830917351","Enbrel","fr","259321830917351_516233921892806","Pour 4 classes de 5√®me",,"fr","516233921892806_516293591886839","Ha cool mon fils y va il est en 5eme d",
"Enbrelys cr√©atrice de bijoux et d'accessoires fantaisie","259321830917351","Enbrel","","259321830917351_515227205326811",,,,,,
"Enbrelys cr√©atrice de bijoux et d'accessoires fantaisie","259321830917351","Enbrel","","259321830917351_515226735326858",,,,,,
"Enbrelys cr√©atrice de bijoux et d'accessoires fantaisie","259321830917351","Enbrel","fr","259321830917351_514511052065093","Bienvenue aux nouveaux membres .",,,,,
"Enbrelys cr√©atrice de bijoux et d'accessoires fantaisie","259321830917351","Enbrel","fr","259321830917351_514433462072852","Photo de l'exposition/vente du gala de fin d'ann√©e du club de gymnastique CST de juillet 2015. 1 euro sur chaque vente pour le CST. Merci au CLUB pour la photo.",,,,,
"Enbrelys cr√©atrice de bijoux et d'accessoires fantaisie","259321830917351","Enbrel","","259321830917351_514153992100799",,,,,,
"Enbrelys cr√©atrice de bijoux et d'accessoires fantaisie","259321830917351","Enbrel","fr","259321830917351_514113628771502","Prix hors frais de port.",,"fr","514113628771502_514201592096039","Super ....\nTu peux nous pr√©parer une feuille pour les commandes regroup√©es ...bise",
"Enbrelys cr√©atrice de bijoux et d'accessoires fantaisie","259321830917351","Enbrel","fr","259321830917351_514113628771502","Prix hors frais de port.",,"fr","514113628771502_514226698760195","J'en voudrais bien un, √ßa me rappellera le bon vieux temps o√π je vous donnais un coup de main avec les babies ainsi que notre jeunesse copine! bisous",
"Enbrelys cr√©atrice de bijoux et d'accessoires fantaisie","259321830917351","Enbrel","fr","259321830917351_514113628771502","Prix hors frais de port.",,"fr","514113628771502_514227715426760","Je t'en commande 1    kristel\n..je te tiens  au courant ..big bisou!",
"Enbrelys cr√©atrice de bijoux et d'accessoires fantaisie","259321830917351","Enbrel","","259321830917351_511354732380725",,,,,,
"Enbrelys cr√©atrice de bijoux et d'accessoires fantaisie","259321830917351","Enbrel","fr","259321830917351_511193075730224","Bonjour √† toutes et tous ‚ò∫ \nBienvenue aux nouveaux membres.\nJ'esp√®re que le retour √† l'√©cole,coll√®gue et boulot c'est bien pass√© !\nDe mon c√¥t√© oui , mes trois loulous on bien repris et moi je suis reparti pour des cr√©ations . \n\nJ'esp√®re que cette ann√©e je vais aider beaucoup d'associations pour leurs projets. üòÅ.\n\nN'h√©sitez pas √† PARTAGER ma page . üòÑ\n\n√Ä l'achat d'une cr√©ation 1‚Ç¨ sera revers√© √† une association. \nLors de mes ventes je pr√©ciserait l'association √† qui je reverserait l'argent. \n \nMerci !!!!! üíÆüíÆüíÆ",,"fr","511193075730224_511200652396133","Ha super la reserve pour l'association tr√®s bonne id√©e ! üëç üòä üëç",
"Enbrelys cr√©atrice de bijoux et d'accessoires fantaisie","259321830917351","Enbrel","fr","259321830917351_511193075730224","Bonjour √† toutes et tous ‚ò∫ \nBienvenue aux nouveaux membres.\nJ'esp√®re que le retour √† l'√©cole,coll√®gue et boulot c'est bien pass√© !\nDe mon c√¥t√© oui , mes trois loulous on bien repris et moi je suis reparti pour des cr√©ations . \n\nJ'esp√®re que cette ann√©e je vais aider beaucoup d'associations pour leurs projets. üòÅ.\n\nN'h√©sitez pas √† PARTAGER ma page . üòÑ\n\n√Ä l'achat d'une cr√©ation 1‚Ç¨ sera revers√© √† une association. \nLors de mes ventes je pr√©ciserait l'association √† qui je reverserait l'argent. \n \nMerci !!!!! üíÆüíÆüíÆ",,"fr","511193075730224_511196969063168","Bonne journ√©e et bonne reprise √† tous...",
"Enbrelys cr√©atrice de bijoux et d'accessoires fantaisie","259321830917351","Enbrel",,"259321830917351_510146929168172","üéâüòò",,,,,
"Enbrelys cr√©atrice de bijoux et d'accessoires fantaisie","259321830917351","Enbrel","","259321830917351_509883779194487",,,,,,
"Enbrelys cr√©atrice de bijoux et d'accessoires fantaisie","259321830917351","Enbrel","fr","259321830917351_508328632683335","Deuxi√®me miroir pour mettre dans une pi√®ce sur le th√®me de la mer .",,,,,
"Enbrelys cr√©atrice de bijoux et d'accessoires fantaisie","259321830917351","Enbrel","fr","259321830917351_508315902684608","Bonjour,\nJ'esp√®re que vous avez pass√© un bon No√´l üéÑ. \nVoici une photo d'un sac en cuir √† qui j'ai redonn√© une deuxi√®me chance d'√™tre port√©. \nLiberty et ruban choisie par la cliente.",,"fr","508315902684608_508395119343353","Je suis tr√®s satisfaite du rendu final, tr√®s beau travail  ....merci",
"Enbrelys cr√©atrice de bijoux et d'accessoires fantaisie","259321830917351","Enbrel","fr","259321830917351_507624066087125","Les paillettes seront dans le maquillage et les cheveux üòâ.",,"es","507624066087125_507952496054282","Tres jolie j adore :-)",
"Enbrelys cr√©atrice de bijoux et d'accessoires fantaisie","259321830917351","Enbrel","fr","259321830917351_507539652762233","D'autres mod√®les √† venir pour l'ann√©e 2016. Cela vous permettra de voir ce que je peux vous proposer , pour vous aider √† financer vos projets.",,,,,
"Enbrelys cr√©atrice de bijoux et d'accessoires fantaisie","259321830917351","Enbrel","","259321830917351_507047432811455",,,,,,
"Enbrelys cr√©atrice de bijoux et d'accessoires fantaisie","259321830917351","Enbrel","","259321830917351_507041739478691",,,,,,
"Enbrelys cr√©atrice de bijoux et d'accessoires fantaisie","259321830917351","Enbrel","fr","259321830917351_504613373054861","Voil√† commande termin√©. Y a une petite fille qui va √™tre contente √† No√´l . üéÖüéÑ",,,,,
"Enbrelys cr√©atrice de bijoux et d'accessoires fantaisie","259321830917351","Enbrel","fr","259321830917351_501536236695908","Bonsoir\n\nVoil√†, le concour pass√© l'Expo vente tr√®s bien pass√©. De tr√®s bon retour pour mon projet. \nMERCI au CST Saint_Brieuc de m'avoir propos√© d'exposer. \nLe b√©n√©fice de mes ventes sera revers√© pour le club du CST.  \nVoici photos de l'Expo",,,,,
"Enbrelys cr√©atrice de bijoux et d'accessoires fantaisie","259321830917351","Enbrel","fr","259321830917351_500848606764671","Bonjour √† toutes et tous , derni√®re ligne droite pour les pr√©parations de mes cr√©ations.\n \nDimanche 6 d√©cembre je fait une exposition sur le th√®me de la gymnastique. Pour le concours de gym qui se d√©roulera √† la salle steredenn √† saint-brieuc.  \nN'h√©sitez surtout pas √† venir voir et encourager nos gymnastes .\nBonne journ√©e √† vous.",,,,,
"Enbrelys cr√©atrice de bijoux et d'accessoires fantaisie","259321830917351","Enbrel","","259321830917351_496193050563560",,,,,,
"Enbrelys cr√©atrice de bijoux et d'accessoires fantaisie","259321830917351","Enbrel","fr","259321830917351_493944094121789","Bonjour √† vous \nVoici de nouveaux marque_pages \nBient√¥t üéÑ et le bonhomme en rouge viendra d√©poser des üéÅ  \nAlors n'h√©sitez pas √† faire plaisir üôå . \nDe la libellule √† la cl√© 9‚Ç¨ et de la f√©e clochette au parfum 8‚Ç¨ .",,"fr","493944094121789_519114604938071","Marque pages chat vendu",
"Enbrelys cr√©atrice de bijoux et d'accessoires fantaisie","259321830917351","Enbrel","fr","259321830917351_493944094121789","Bonjour √† vous \nVoici de nouveaux marque_pages \nBient√¥t üéÑ et le bonhomme en rouge viendra d√©poser des üéÅ  \nAlors n'h√©sitez pas √† faire plaisir üôå . \nDe la libellule √† la cl√© 9‚Ç¨ et de la f√©e clochette au parfum 8‚Ç¨ .",,"fr","493944094121789_511506152365583","Marque pages f√©e clochette vendu",
"Enbrelys cr√©atrice de bijoux et d'accessoires fantaisie","259321830917351","Enbrel","","259321830917351_493722534143945",,,,,,
"Enbrelys cr√©atrice de bijoux et d'accessoires fantaisie","259321830917351","Enbrel","fr","259321830917351_493366094179589","Bonjour √† vous toutes et tous \nBienvenue aux nouveaux membre.",,,,,
"Enbrelys cr√©atrice de bijoux et d'accessoires fantaisie","259321830917351","Enbrel","","259321830917351_482405281942337",,,,,,
"Enbrelys cr√©atrice de bijoux et d'accessoires fantaisie","259321830917351","Enbrel","","259321830917351_482405205275678",,,,,,
"Enbrelys cr√©atrice de bijoux et d'accessoires fantaisie","259321830917351","Enbrel","fr","259321830917351_480955882087277","Bonjour √† toutes et tous\n\nJe veux aider les √©coles et clubs sportifs aux financements de leurs sorties , concours et autres ....... En proposent des cr√©ations ( porte cl√©s , marques pages, bijoux etc) dont les b√©n√©fices leurs seront revers√©.  Pour les clubs sportifs les cr√©ations seront aux th√®mes, exemples : de la GYM, du foot ( masculin / f√©minin), √©quitation, dance etc....... Possible couleurs du club.  Je l'ai fait pour le club de GYM √† ma fille , cela n'a √©t√© que du positif üòÜ.  Pourquoi pas proposer dans l'ann√©e parmi  les brioches, galettes / cr√™pes, madeleines, chocolats etc ....... des cr√©ations que l'on pourra garder en souvenir ! üòä. Voici quelques exemples  de cr√©ations . \n\nN'h√©sitez surtout pas √† PARTAGER ! Merci .",,"fr","480955882087277_480970642085801","tr√®s bonne id√©e A !!!!!!!!",
"Enbrelys cr√©atrice de bijoux et d'accessoires fantaisie","259321830917351","Enbrel","","259321830917351_478786462304219",,,,,,
"Enbrelys cr√©atrice de bijoux et d'accessoires fantaisie","259321830917351","Enbrel","","259321830917351_478334529016079",,,,,,
"Enbrelys cr√©atrice de bijoux et d'accessoires fantaisie","259321830917351","Enbrel","","259321830917351_477207605795438",,,"it","477207605795438_477207972462068","Merci !!!",
"Enbrelys cr√©atrice de bijoux et d'accessoires fantaisie","259321830917351","Enbrel","","259321830917351_476972592485606",,,"fr","476972592485606_478345772348288","marque page sur le livre √† droite th√®me de la gym vendu .",
"Enbrelys cr√©atrice de bijoux et d'accessoires fantaisie","259321830917351","Enbrel","","259321830917351_476972395818959",,,,,,
"Enbrelys cr√©atrice de bijoux et d'accessoires fantaisie","259321830917351","Enbrel","","259321830917351_476972335818965",,,,,,
"Enbrelys cr√©atrice de bijoux et d'accessoires fantaisie","259321830917351","Enbrel","","259321830917351_474191509430381",,,,,,
"Enbrelys cr√©atrice de bijoux et d'accessoires fantaisie","259321830917351","Enbrel","","259321830917351_463297593853106",,,"it","463297593853106_463299333852932","Merci ;-)",
"Enbrelys cr√©atrice de bijoux et d'accessoires fantaisie","259321830917351","Enbrel","","259321830917351_457651251084407",,,,,,
"Enbrelys cr√©atrice de bijoux et d'accessoires fantaisie","259321830917351","Enbrel","","259321830917351_457650851084447",,,,,,
"Enbrelys cr√©atrice de bijoux et d'accessoires fantaisie","259321830917351","Enbrel","fr","259321830917351_457649854417880","bonjour bienvenue aux nouveaux membres.",,,,,
"Enbrelys cr√©atrice de bijoux et d'accessoires fantaisie","259321830917351","Enbrel","fr","259321830917351_457467601102772","Bonsoir √† toutes et tous \nVoici des grigris sur les th√®mes de la GYM et l'√©quitation pour porte cl√©, trousse....... 8cm \n5‚Ç¨.",,"fr","457467601102772_457474851102047","Je fais une Brocante le 12 septembre veux tu qu on y vend tes cr√©ations??",
"Enbrelys cr√©atrice de bijoux et d'accessoires fantaisie","259321830917351","Enbrel","fr","259321830917351_453796264803239","Maintenant je propose un th√®me pour mes cr√©ations  \" LES SPORTS \" .\nGYM , FOOT etc............... \nAlors besoin d'une id√©e cadeau pour quelqu'un de sportif ou qui aime un sport !  Je suis l√† .........üôåüôåüôåüôå",,,,,
"Enbrelys cr√©atrice de bijoux et d'accessoires fantaisie","259321830917351","Enbrel","fr","259321830917351_453794911470041","Une photo pour vous montrer mes bijoux et accessoires sur le th√®me de la GYM.",,,,,
"Enbrelys cr√©atrice de bijoux et d'accessoires fantaisie","259321830917351","Enbrel","","259321830917351_453773511472181",,,,,,
"Enbrelys cr√©atrice de bijoux et d'accessoires fantaisie","259321830917351","Enbrel","fr","259321830917351_453730354809830","Bonjour √† vous !\n \nLe w-k bien pass√© ? \nVendredi 3 juillet j'ai expos√© et vendu lors du gala de gym du CST. Je remercie le club de m'avoir proposer cette exposition . \nProposent des bijoux et accessoires sur le th√®mes du sport c'√©tais l'occasion pour moi de le faire sur la GYM .\nBonne journ√©e .",,,,,
"Enbrelys cr√©atrice de bijoux et d'accessoires fantaisie","259321830917351","Enbrel","fr","259321830917351_451681271681405","Bonjour √† vous toutes et tous\n\nMe revoil√† , j'√©tais en pleine pr√©paration pour exposer demain soir . \nExposition et vente lors d'un gala de gym du CST  √† la salle steredenn Ploufragan. \nD√©but 20h30. \nBonne journ√©e √† vous.",,"en","451681271681405_451699995012866","A demain alors ;-)",
"Enbrelys cr√©atrice de bijoux et d'accessoires fantaisie","259321830917351","Enbrel","fr","259321830917351_447778762071656","Je fait partie des bretonnes !!!!!!üò∏",,,,,
"Enbrelys cr√©atrice de bijoux et d'accessoires fantaisie","259321830917351","Enbrel","","259321830917351_437393953110137",,,,,,
"Enbrelys cr√©atrice de bijoux et d'accessoires fantaisie","259321830917351","Enbrel","fr","259321830917351_434051550111044","Bonjour üôã\n\nEncore quelques jours pour trouver le cadeau qui plaira √† vos mamans üòç  !!!!\nDonc voici les BO SISSI √† 8,50‚Ç¨ .\n\nBonne journ√©e üòâ.",,"fr","434051550111044_435164916666374","Bonsoir les bo VO mauve (sur la gauche) r√©serv√©.",
"Enbrelys cr√©atrice de bijoux et d'accessoires fantaisie","259321830917351","Enbrel","fr","259321830917351_434051550111044","Bonjour üôã\n\nEncore quelques jours pour trouver le cadeau qui plaira √† vos mamans üòç  !!!!\nDonc voici les BO SISSI √† 8,50‚Ç¨ .\n\nBonne journ√©e üòâ.",,"fr","434051550111044_440037596179106","Bo bleu argent vendu",
"Enbrelys cr√©atrice de bijoux et d'accessoires fantaisie","259321830917351","Enbrel","fr","259321830917351_434051550111044","Bonjour üôã\n\nEncore quelques jours pour trouver le cadeau qui plaira √† vos mamans üòç  !!!!\nDonc voici les BO SISSI √† 8,50‚Ç¨ .\n\nBonne journ√©e üòâ.",,"fr","434051550111044_438866399629559","BO mauve vendu.",
"Enbrelys cr√©atrice de bijoux et d'accessoires fantaisie","259321830917351","Enbrel","fr","259321830917351_434051550111044","Bonjour üôã\n\nEncore quelques jours pour trouver le cadeau qui plaira √† vos mamans üòç  !!!!\nDonc voici les BO SISSI √† 8,50‚Ç¨ .\n\nBonne journ√©e üòâ.",,"fr","434051550111044_474640416052157","Et voil√† toutes les bo vendu. Il n'y en a plus. ‚ò∫.",
"Enbrelys cr√©atrice de bijoux et d'accessoires fantaisie","259321830917351","Enbrel","fr","259321830917351_434051550111044","Bonjour üôã\n\nEncore quelques jours pour trouver le cadeau qui plaira √† vos mamans üòç  !!!!\nDonc voici les BO SISSI √† 8,50‚Ç¨ .\n\nBonne journ√©e üòâ.",,"nl","434051550111044_462645777251621","Bo argent violet vendu",
"Enbrelys cr√©atrice de bijoux et d'accessoires fantaisie","259321830917351","Enbrel","fr","259321830917351_434051550111044","Bonjour üôã\n\nEncore quelques jours pour trouver le cadeau qui plaira √† vos mamans üòç  !!!!\nDonc voici les BO SISSI √† 8,50‚Ç¨ .\n\nBonne journ√©e üòâ.",,"fr","434051550111044_434060273443505","C'est jolie √ßa",
"Enbrelys cr√©atrice de bijoux et d'accessoires fantaisie","259321830917351","Enbrel","fr","259321830917351_433679910148208","Bonjour √† toutes et tous \n\nTrois bo √† partager avec vous üòÉ \n1ere bo baroque √† 16,50‚Ç¨  VENDU\n2eme bo loulou √† 9‚Ç¨ \n3eme bo Lili √† 7,50‚Ç¨ \n\nN'h√©sitez pas √† partager !!!!! üòÖ .",,,,,
"Enbrelys cr√©atrice de bijoux et d'accessoires fantaisie","259321830917351","Enbrel","fr","259321830917351_432448256938040","Bonjour √† vous üôã\n\nPour commencer bienvenue aux nouveaux membres üòÉ\n\nVoici une paire de boucle d'oreille lunaire fait avec un morceau de chambre √† aire ! \nEt oui je vais me lancer dans le recyclage üòÜ !!!  \n14‚Ç¨ la paire .  VENDU\n\nBonne journ√©e √† tous",,,,,
"Enbrelys cr√©atrice de bijoux et d'accessoires fantaisie","259321830917351","Enbrel","","259321830917351_432422550273944",,,,,,
"Enbrelys cr√©atrice de bijoux et d'accessoires fantaisie","259321830917351","Enbrel","fr","259321830917351_431414210374778","Bonjour √† toutes et tous \n \nBIENT√îT LA FETE DES MAMANS !!!!!!! üòÑ G√©nial une  autre bonne occasion de faire PLAISIR. Alors n'h√©sitez surtout pas √† parcourir ma page pour une id√©e cadeau . \n\nVoici deux autres BO arc en ciel √† 17‚Ç¨.",,,,,
"Enbrelys cr√©atrice de bijoux et d'accessoires fantaisie","259321830917351","Enbrel","fr","259321830917351_430755703773962","Envie de couleurs pour le mois de mai et les beaux jours qui arrivent üòä! \nAlors voici les BO arc en ciel √† 17‚Ç¨ .",,,,,
"Enbrelys cr√©atrice de bijoux et d'accessoires fantaisie","259321830917351","Enbrel","fr","259321830917351_429601617222704","Bonjour √† tous \n\nbienvenue aux nouveaux membres",,,,,
"Enbrelys cr√©atrice de bijoux et d'accessoires fantaisie","259321830917351","Enbrel","","259321830917351_429160033933529",,,,,,
"Enbrelys cr√©atrice de bijoux et d'accessoires fantaisie","259321830917351","Enbrel","en","259321830917351_427842184065314","Voici Enbrelys sur twitter",,,,,
"Enbrelys cr√©atrice de bijoux et d'accessoires fantaisie","259321830917351","Enbrel","af","259321830917351_426754394174093","BO rouge gorge  19‚Ç¨",,,,,
"Enbrelys cr√©atrice de bijoux et d'accessoires fantaisie","259321830917351","Enbrel","fr","259321830917351_426102727572593","Je reviens pour souhaiter la bienvenue aux nouveaux membres \nEt merci √† ceux qui reste apr√®s les concours . \nEt dommage  pour ceux qui parte apr√®s chaque concours . \n\nA vous tous bonne soir√©e üòò.",,,,,
"Enbrelys cr√©atrice de bijoux et d'accessoires fantaisie","259321830917351","Enbrel","fr","259321830917351_426079560908243","Bonsoir \n\nF√©licitations  √† Laetitia Vollmeier  qui a gagn√© le lot que j'ai propos√© pour le concours sur la page de Lili bijoux .",,,,,
"Enbrelys cr√©atrice de bijoux et d'accessoires fantaisie","259321830917351","Enbrel","fr","259321830917351_420837111432488","Bonjour √† vous toutes et tous\nBienvenue aux nouveaux membres \n\nSurtout n'h√©sitez pas √† me laisser des commentaires , j'adores avoir vos avis . Biz et bonne journ√©e √† vous !",,,,,
"Enbrelys cr√©atrice de bijoux et d'accessoires fantaisie","259321830917351","Enbrel","","259321830917351_420836508099215",,,,,,
"Enbrelys cr√©atrice de bijoux et d'accessoires fantaisie","259321830917351","Enbrel","fr","259321830917351_418050091711190","Bienvenue aux nouveaux membres ! \nmerci d'aimer ma page , bonne journ√©e avec un magnifique soleil ;)",,"fr","418050091711190_418060878376778","Bonjour, bonne journ√©e √©galement :)",
"Enbrelys cr√©atrice de bijoux et d'accessoires fantaisie","259321830917351","Enbrel","fr","259321830917351_416137871902412","Bonsoir √† toutes et tous !\nTout d'abord bienvenue aux nouveaux membres üòÑ.",,,,,
"Enbrelys cr√©atrice de bijoux et d'accessoires fantaisie","259321830917351","Enbrel","","259321830917351_415971441919055",,,,,,
"Enbrelys cr√©atrice de bijoux et d'accessoires fantaisie","259321830917351","Enbrel","fr","259321830917351_415208315328701","Bienvenue aux nouveaux membres et merci √† ceux qui y resteront apr√®s le concours ;)",,"fr","415208315328701_415211671995032","Moi j'√©tais l√† d√©j√† avant le concours c'est Coralie Hastings qui m'a fait d√©couvrir cette page üòâ",
"Enbrelys cr√©atrice de bijoux et d'accessoires fantaisie","259321830917351","Enbrel","fr","259321830917351_414575672058632","BIENVENUE aux nouveaux membres ;)\nBelle journ√©e sur notre r√©gion :)",,,,,
"Enbrelys cr√©atrice de bijoux et d'accessoires fantaisie","259321830917351","Enbrel","fr","259321830917351_410391745810358","Voici une commande pour un marque page : la f√©e clochette et la poussi√®re de f√©e .  N'h√©sitez pas √† me laisser des commentaires !üòä.",,,,,
"Enbrelys cr√©atrice de bijoux et d'accessoires fantaisie","259321830917351","Enbrel","fr","259321830917351_406837359499130","Bienvenue √† S√©ries US addict",,"it","406837359499130_410324452483754","Merci :D",
"Enbrelys cr√©atrice de bijoux et d'accessoires fantaisie","259321830917351","Enbrel","fr","259321830917351_406836652832534","Voil√† d'autres cr√©ations mais cette fois pas de BO, ni de colliers ou d√©co de main üò∫\n 4 marque pages . \nLe 1er , 2eme et 4eme , lani√®re de cuire avec breloques \nLa 3eme avec plumes et breloque.\nMarque pages papillon et oiseau √† 9,30‚Ç¨\nMarque pages  gothique √† 9,50‚Ç¨ \nMarque pages plumes √† 10,50‚Ç¨ \n(D'autres en cour de r√©alisation).\nTOUS VENDUS",,"fr","406836652832534_406839566165576","Si vous souhaitez des marques pages personnalis√©  n'h√©sitez surtout pas √† me le demander. üìë",
"Enbrelys cr√©atrice de bijoux et d'accessoires fantaisie","259321830917351","Enbrel","fr","259321830917351_406770156172517","Bonjour √† vous \n\nBienvenue √† Sehanine Ishak",,,,,
"Enbrelys cr√©atrice de bijoux et d'accessoires fantaisie","259321830917351","Enbrel","","259321830917351_405802419602624",,,,,,
"Enbrelys cr√©atrice de bijoux et d'accessoires fantaisie","259321830917351","Enbrel","fr","259321830917351_405002183015981","Jolies BO tout en brillance √† 19‚Ç¨",,,,,
"Enbrelys cr√©atrice de bijoux et d'accessoires fantaisie","259321830917351","Enbrel","fr","259321830917351_398005047049028","Bonjour √† vous üåû que notre Bretagne est belle sous le magnifique soleil d'aujourd'hui. üåûüåûüåûüåûüåûüåûüåûüåûüåûüåûüåûüåû\n\nüôå üòé \n Que cela fait du bien . Maison grande ouverte \nBonne journ√©e !!!!!!!!!!",,,,,
"Enbrelys cr√©atrice de bijoux et d'accessoires fantaisie","259321830917351","Enbrel","fr","259321830917351_397092183806981","Voici des BO de 19cm command√© par une cliente",,,,,
"Enbrelys cr√©atrice de bijoux et d'accessoires fantaisie","259321830917351","Enbrel","fr","259321830917351_396705607178972","Notre Bretagne!!!!! Beaucoup d'endroits magnifique √† voir üëç",,,,,
"Enbrelys cr√©atrice de bijoux et d'accessoires fantaisie","259321830917351","Enbrel","","259321830917351_396705037179029",,,,,,
"Enbrelys cr√©atrice de bijoux et d'accessoires fantaisie","259321830917351","Enbrel","","259321830917351_396475760535290",,,,,,
"Enbrelys cr√©atrice de bijoux et d'accessoires fantaisie","259321830917351","Enbrel","fr","259321830917351_396206703895529","Bonjour √† vous tous!!! ‚õÖ\n\nBienvenue √† Liseth Campos Medina\n                      Jiberling Cruz\n                      Katia larousserie \n                Et. Sarah Selvani \n\nUn grand MERCI üíç aux membres de ma page . Vous √™tes 200 √† me suivre maintenant ! üåç. \nCela est une grande motivation , surtout n'h√©sitez pas √† me laisser des commentaires et √† partager , j'adore avoir vos avis. üîä . \n Bonne journ√©e !!!!!",,,,,
"Enbrelys cr√©atrice de bijoux et d'accessoires fantaisie","259321830917351","Enbrel","fr","259321830917351_395590260623840","Bijou de main goutte √† 9‚Ç¨",,,,,
"Enbrelys cr√©atrice de bijoux et d'accessoires fantaisie","259321830917351","Enbrel","fr","259321830917351_395589087290624","Voici le collier goutte √† 7,50‚Ç¨",,,,,
"Enbrelys cr√©atrice de bijoux et d'accessoires fantaisie","259321830917351","Enbrel","fr","259321830917351_395584820624384","Bonsoir √† vous tous \nVoici des BO gouttes diff√©rentes tailles : entre 9cm et 10cm et entre 7cm et 8cm √† 10‚Ç¨.",,,,,
"Enbrelys cr√©atrice de bijoux et d'accessoires fantaisie","259321830917351","Enbrel","fr","259321830917351_394668460716020","voici un collier sur c√¢ble transparent  d'autre coloris √† venir  12euros",,"fr","394668460716020_394772547372278","Merci, n'h√©site pas √† partager on ne sais jamais üòù.",
"Enbrelys cr√©atrice de bijoux et d'accessoires fantaisie","259321830917351","Enbrel","fr","259321830917351_394668460716020","voici un collier sur c√¢ble transparent  d'autre coloris √† venir  12euros",,"fr","394668460716020_394770794039120","Il est super",
"Enbrelys cr√©atrice de bijoux et d'accessoires fantaisie","259321830917351","Enbrel","fr","259321830917351_394707544045445","BO attrape r√™ves shamballa 24 euros",,,,,
"Enbrelys cr√©atrice de bijoux et d'accessoires fantaisie","259321830917351","Enbrel","","259321830917351_394115040771362",,,,,,
"Enbrelys cr√©atrice de bijoux et d'accessoires fantaisie","259321830917351","Enbrel","fr","259321830917351_392681980914668","Bague fond liberty rose ( le m√™me que les cr√©oles en dessous)",,,,,
"Enbrelys cr√©atrice de bijoux et d'accessoires fantaisie","259321830917351","Enbrel","fr","259321830917351_392613104254889","Bonjour que dimanche est triste. \n\nBienvenue √† Morgane Dellozcour",,,,,
"Enbrelys cr√©atrice de bijoux et d'accessoires fantaisie","259321830917351","Enbrel","fr","259321830917351_392257594290440","Voici le lot qui sera pr√®s √† √™tre envoy√© lundi .",,"fi","392257594290440_392270614289138","ouiiii",
"Enbrelys cr√©atrice de bijoux et d'accessoires fantaisie","259321830917351","Enbrel","fr","259321830917351_392255154290684","Un bonjour sous un temps tr√®s bizarre \n\nVoici un mod√®le de boucle d'oreilles . BO attrape r√™ves strass.",,,,,
"Enbrelys cr√©atrice de bijoux et d'accessoires fantaisie","259321830917351","Enbrel","","259321830917351_391425254373674",,,,,,
"Enbrelys cr√©atrice de bijoux et d'accessoires fantaisie","259321830917351","Enbrel","","259321830917351_391406047708928",,,,,,
"Enbrelys cr√©atrice de bijoux et d'accessoires fantaisie","259321830917351","Enbrel","","259321830917351_391404844375715",,,,,,
"Enbrelys cr√©atrice de bijoux et d'accessoires fantaisie","259321830917351","Enbrel","fr","259321830917351_391302351052631","Bonjour √† vous tous \nN'h√©sitez pas √† me contacter ou √† me demander conseils pour vos bijoux qui on besoin d'√™tre chouchout√© .  DEVIS gratuit . Plus de renseignement en MP . Bonne journ√©e .",,,,,
"Enbrelys cr√©atrice de bijoux et d'accessoires fantaisie","259321830917351","Enbrel","fr","259321830917351_390114741171392","Bonjour √† vous tous \nBienvenue √† Angelique Andgel Colon , Aurelie Lili , Camilly Deschamps , Ticia Sinama , Ludivine Gostiau ,Severine Sandrine Vatin , Alba Serena , Audrey Garel Collard , Maeva Michel , Aurelie Pepette , Lola Lou , Aveline Gonzalez et Julie Allard",,,,,
"Enbrelys cr√©atrice de bijoux et d'accessoires fantaisie","259321830917351","Enbrel","fr","259321830917351_389389627910570","Bonsoir √† vous tous !!!!!  üòÄ. \n Et voil√† cela est la derni√®re ligne droite , il reste  moins 1 heure pour participer au concours !!!  üòâ",,,,,
"Enbrelys cr√©atrice de bijoux et d'accessoires fantaisie","259321830917351","Enbrel","fr","259321830917351_388360234680176","Bonjour  bonjour !!!!!!! \nQue le soleil BRILLE sur notre belle BRETAGNE !!!\n Bienvenue √† Seri Rosa Tara et Emilie Bazin",,,,,
"Enbrelys cr√©atrice de bijoux et d'accessoires fantaisie","259321830917351","Enbrel","fr","259321830917351_388124878037045","Bonsoir !\n\nBienvenue √† Anna Verdin ,Mounette Charolles et Alix Keo \nBonne soir√©e",,,,,
"Enbrelys cr√©atrice de bijoux et d'accessoires fantaisie","259321830917351","Enbrel","fr","259321830917351_388036211379245","Bonjour par une tr√®s belle journ√©e je dit :  \n\nBienvenue √† Carole Styc , Marie l'or , Amandine clin , Sophie Goiset conrad et Lucie C√©moi",,,,,
"Enbrelys cr√©atrice de bijoux et d'accessoires fantaisie","259321830917351","Enbrel","","259321830917351_387386684777531",,,,,,
"Enbrelys cr√©atrice de bijoux et d'accessoires fantaisie","259321830917351","Enbrel","fr","259321830917351_387171961465670","bonjour √† toutes et tous \n \nbienvenue √† Myriam De Blasiis Blain , Patricia Froissard et Clochette Lou .",,,,,
"Enbrelys cr√©atrice de bijoux et d'accessoires fantaisie","259321830917351","Enbrel","fr","259321830917351_386436331539233","Par un super samedi ensoleill√© je dis BONJOUR √† vous tous !!!\n\nBienvenue √† Simone Selore",,,,,
"Enbrelys cr√©atrice de bijoux et d'accessoires fantaisie","259321830917351","Enbrel","fr","259321830917351_386407921542074","BO attrape r√™ves arc en ciel 16 euros VENDU",,,,,
"Enbrelys cr√©atrice de bijoux et d'accessoires fantaisie","259321830917351","Enbrel","fr","259321830917351_385982208251312","Voici deux nouveaux mod√®les ! BO tige perles cristal de boh√®me 6‚Ç¨ et BO attrape r√™ves arc en ciel  16‚Ç¨ . Toutes les BO VENDU",,,,,
"Enbrelys cr√©atrice de bijoux et d'accessoires fantaisie","259321830917351","Enbrel","fr","259321830917351_385424028307130","Bonjour √† vous tous \n\nJe vais commencer par souhaiter la bienvenue aux nouveaux membre qui encore une fois tr√®s nombreux .",,,,,
"Enbrelys cr√©atrice de bijoux et d'accessoires fantaisie","259321830917351","Enbrel","fr","259321830917351_385224534993746","Bonsoir\n Je ne peux vous  souhaiter individuellement la bienvenue car vous avez √©t√© si nombreux √† aimer cette page en quelques jours. Je vous dis milles merci et √† tous BIENVENUE !!!!!!!!!!!!!!!!!!!!!!",,,,,
"Enbrelys cr√©atrice de bijoux et d'accessoires fantaisie","259321830917351","Enbrel","fr","259321830917351_383790731803793","Bonsoir et voil√† les 80 j'aimes  üòÅ !!!! \nBienvenue √† Amandine Loisel , Jonathan vigneron , Karine m√©tayer et Nael loulou",,"fr","383790731803793_383803858469147","merci beaucoup bonne soir√©e",
"Enbrelys cr√©atrice de bijoux et d'accessoires fantaisie","259321830917351","Enbrel","fr","259321830917351_383790731803793","Bonsoir et voil√† les 80 j'aimes  üòÅ !!!! \nBienvenue √† Amandine Loisel , Jonathan vigneron , Karine m√©tayer et Nael loulou",,"fr","383790731803793_383804095135790","De rien bonne soir√©e :)",
"Enbrelys cr√©atrice de bijoux et d'accessoires fantaisie","259321830917351","Enbrel","fr","259321830917351_382944805221719","Bonjour √† tous ! Bienvenue √† Marie Astrid Carpentier!",,"ro","382944805221719_382956265220573","Merciii",
"Enbrelys cr√©atrice de bijoux et d'accessoires fantaisie","259321830917351","Enbrel","fr","259321830917351_382443341938532","Et voil√† 75 mentions j'aime üòã . Bon faud que je mis remette car bient√¥t  c'est la Saint - Valentin !!!!!! üíë",,,,,
"Enbrelys cr√©atrice de bijoux et d'accessoires fantaisie","259321830917351","Enbrel","fr","259321830917351_382432598606273","Bonjour √† toutes et √† tous \n\nBienvenue √† Caribou Cotte",,,,,
"Enbrelys cr√©atrice de bijoux et d'accessoires fantaisie","259321830917351","Enbrel","fr","259321830917351_379781415538058","Bonsoir bienvenue √† Val√©rie Gendron",,,,,
"Enbrelys cr√©atrice de bijoux et d'accessoires fantaisie","259321830917351","Enbrel","","259321830917351_379333848916148",,,"et","379333848916148_382412305274969","Vendu",
"Enbrelys cr√©atrice de bijoux et d'accessoires fantaisie","259321830917351","Enbrel","fr","259321830917351_379324278917105","Bienvenue √©galement √† Mathoucia Feraut.",,,,,
"Enbrelys cr√©atrice de bijoux et d'accessoires fantaisie","259321830917351","Enbrel","fr","259321830917351_379228392260027","Bonjour √† toutes et √† tous \n\nMa journ√©e commence vraiment tr√®s bien ! \n\nJ'ai d√©pass√© les 70 J'AIME !!!!!  Merci √† vous tous.\n\nBienvenue √† Pamp Mous ,Caroline Boivin ,Marie De Aguiar Costa et Sabrina Naour.  Bonne journ√©e .",,"fr","379228392260027_379243965591803","Merci les copines d'avoir cliquer sur j'aime",
"Enbrelys cr√©atrice de bijoux et d'accessoires fantaisie","259321830917351","Enbrel","","259321830917351_378860305630169",,,,,,
"Enbrelys cr√©atrice de bijoux et d'accessoires fantaisie","259321830917351","Enbrel","","259321830917351_378860232296843",,,,,,
"Enbrelys cr√©atrice de bijoux et d'accessoires fantaisie","259321830917351","Enbrel","","259321830917351_378860138963519",,,,,,
"Enbrelys cr√©atrice de bijoux et d'accessoires fantaisie","259321830917351","Enbrel","","259321830917351_378859775630222",,,"fr","378859775630222_378859908963542","les rouges plus dispo",
"Enbrelys cr√©atrice de bijoux et d'accessoires fantaisie","259321830917351","Enbrel","fr","259321830917351_378557868993746","Bonsoir √† toutes et √† tous \n\nChez ENBRELYS aussi il y a les SOLDES !!!!!\n \nLa curiosit√©  n'est pas un vilain d√©faut !!!!!",,,,,
"Enbrelys cr√©atrice de bijoux et d'accessoires fantaisie","259321830917351","Enbrel","fr","259321830917351_376363189213214","Voici des BO √† clou perles m√©tal noir avec strass de couleur au centre √† 6.10 euros. Toutes vendu",,,,,
"Enbrelys cr√©atrice de bijoux et d'accessoires fantaisie","259321830917351","Enbrel","fr","259321830917351_374771596039040","Bienvenue √† Vincent-Baptiste",,,,,
"Enbrelys cr√©atrice de bijoux et d'accessoires fantaisie","259321830917351","Enbrel","fr","259321830917351_374514596064740","Bonsoir √† toutes et tous \n Bienvenue √† Sandrillon riquart , Sandrine chauvin et Sam .",,,,,
"Enbrelys cr√©atrice de bijoux et d'accessoires fantaisie","259321830917351","Enbrel","fr","259321830917351_374065622776304","Merci pour mon collier et surtout pour la rapidit√© ;-)",,"nl","374065622776304_374094292773437","De rien .",
"Enbrelys cr√©atrice de bijoux et d'accessoires fantaisie","259321830917351","Enbrel","fr","259321830917351_373926892790177","Bonjour √† toutes et √† tous \n\nBienvenue √† Sandrine Briand , Gradziella Carro , Greg / Audrey ainsi cas tous les autres. Je vous remercies tous d'aimer ma page car je viens de passer √† 60 j'aimes!!!!!!!!!",,,,,
"Enbrelys cr√©atrice de bijoux et d'accessoires fantaisie","259321830917351","Enbrel","","259321830917351_372697022913164",,,"es","372697022913164_373469519502581","merci",
"Enbrelys cr√©atrice de bijoux et d'accessoires fantaisie","259321830917351","Enbrel","","259321830917351_372697022913164",,,"fr","372697022913164_372909269558606","Cc mes tes cr√©ations dans le groupe tout pas cher 22 ou vend tout en Bretagne. Tu pourrais avoir plus de commande.",
"Enbrelys cr√©atrice de bijoux et d'accessoires fantaisie","259321830917351","Enbrel","","259321830917351_372697022913164",,,"fr","372697022913164_372716626244537","Jaime vraiment bien ce modele!!!",
"Enbrelys cr√©atrice de bijoux et d'accessoires fantaisie","259321830917351","Enbrel","","259321830917351_372696209579912",,,,,,
"Enbrelys cr√©atrice de bijoux et d'accessoires fantaisie","259321830917351","Enbrel","fr","259321830917351_372676706248529","BO Baroque 27 euros",,,,,
"Enbrelys cr√©atrice de bijoux et d'accessoires fantaisie","259321830917351","Enbrel","","259321830917351_372669486249251",,,"de","372669486249251_374057332777133","VENDU",
"Enbrelys cr√©atrice de bijoux et d'accessoires fantaisie","259321830917351","Enbrel","fr","259321830917351_372676529581880","BO Baroque 27euros VENDU",,"et","372676529581880_396349693881230","Vendu",
"Enbrelys cr√©atrice de bijoux et d'accessoires fantaisie","259321830917351","Enbrel","","259321830917351_372669492915917",,,"fr","372669492915917_511506672365531","BO bleu jaune et bo rouge  violet vendu",
"Enbrelys cr√©atrice de bijoux et d'accessoires fantaisie","259321830917351","Enbrel","fr","259321830917351_363514203831446","Voici mes BO  dans la boutique Espace Cr√©ateurs ou depuis mardi elles sont en vente!!!",,"fr","363514203831446_374825522700314","super cousine f√©licitation ! :-)",
"Enbrelys cr√©atrice de bijoux et d'accessoires fantaisie","259321830917351","Enbrel","","259321830917351_363509483831918",,,"de","363509483831918_363511477165052","VENDU",
"Enbrelys cr√©atrice de bijoux et d'accessoires fantaisie","259321830917351","Enbrel","fr","259321830917351_362798203903046","bonsoir !\n\nbienvenue √† M√©lanie Grimaux.",,,,,
"Enbrelys cr√©atrice de bijoux et d'accessoires fantaisie","259321830917351","Enbrel","","259321830917351_259542460895288",,,,,,
"Enbrelys cr√©atrice de bijoux et d'accessoires fantaisie","259321830917351","Enbrel","","259321830917351_360349937481206",,,"fr","360349937481206_378477419001791","Les blanches VENDU",
"Enbrelys cr√©atrice de bijoux et d'accessoires fantaisie","259321830917351","Enbrel","","259321830917351_360349937481206",,,"fr","360349937481206_360352447480955","Voici les 4 autres coloris",
"Enbrelys cr√©atrice de bijoux et d'accessoires fantaisie","259321830917351","Enbrel","","259321830917351_360243390825194",,,"fr","360243390825194_378495682333298","BO sissi rouge r√©serv√©.",
"Enbrelys cr√©atrice de bijoux et d'accessoires fantaisie","259321830917351","Enbrel","","259321830917351_360243390825194",,,"fr","360243390825194_372727276243472","Sont elles tjr a vendre et si oui ou puis je les trouvees?",
"Enbrelys cr√©atrice de bijoux et d'accessoires fantaisie","259321830917351","Enbrel","","259321830917351_360243390825194",,,"fr","360243390825194_372717226244477","Vraiment jolies les rouges!!!",
"Enbrelys cr√©atrice de bijoux et d'accessoires fantaisie","259321830917351","Enbrel","fr","259321830917351_357021964480670","bonjour √† toutes et tous !\n\nVoil√† je suis en pleine pr√©paration du march√© de noel de TREGUEUX qui aura lieu le w-k du 13 au 14 d√©cembre √† cot√© de la  SALLE BLEU PLURIEL.Je ne prend absolument pas le temps de mettre des photos sur ma page . Donc je vous propos√© de venir nombreux d√©couvrir mes cr√©ations et c'est une bonne occasion pour une sortie en famille!",,,,,
"Enbrelys cr√©atrice de bijoux et d'accessoires fantaisie","259321830917351","Enbrel","fr","259321830917351_352190998297100","bonjour √† toutes et √† tous ,\n\nApr√®s un moment d'absence pour cause je me suis consacr√© √† de nouvelles cr√©ations .   \n\nVoici le mois de d√©cembre qui arrive !!!!!!!!!!!!!!!!!!  Et c'est le moment de faire plaisir.  C' est √† partir de demain que je vais commencer √†  les partager    ;) . Bonne journ√©e",,,,,
"Enbrelys cr√©atrice de bijoux et d'accessoires fantaisie","259321830917351","Enbrel","fr","259321830917351_331615400354660","VIVE la technologie!!!!!!!!!!!!!!!!!!!!!!!!!!! apr√®s un souci d'ordi depuis quelques semaines me revoil√†",,,,,
"Enbrelys cr√©atrice de bijoux et d'accessoires fantaisie","259321830917351","Enbrel","fr","259321830917351_320824621433738","Bonjour √† toutes et √† tous !\n\nMe revoil√†, vacances fini, rentr√©es scolaire faite et super bien pass√©.\nJe me remet au travail avec de nouvelles cr√©ation que je vais vous faire d√©couvrir . En attendant bonne journ√©e.",,"fr","320824621433738_320828808099986","Reprise aujourd'hui aussi et le soleil reviens Grrrr lol bisou bisou ;)",
"Enbrelys cr√©atrice de bijoux et d'accessoires fantaisie","259321830917351","Enbrel","fr","259321830917351_297580197091514","bonjour une belle journ√©e au rendez-vous aujourd'hui !   :)\n\nBienvenue √† Sylvie Sanchez",,,,,
"Enbrelys cr√©atrice de bijoux et d'accessoires fantaisie","259321830917351","Enbrel","fr","259321830917351_297019950480872","Bonjour \n\nBienvenue √† Morgane Dellozcour",,,,,
"Enbrelys cr√©atrice de bijoux et d'accessoires fantaisie","259321830917351","Enbrel","fr","259321830917351_296188990563968","Bonsoir √† toutes et √† tous \n\nBienvenue √† Corinne F√©vrier , B√©atrice Dellozcour",,,,,
"Enbrelys cr√©atrice de bijoux et d'accessoires fantaisie","259321830917351","Enbrel","fr","259321830917351_295597620623105","Bonsoir √† tous\n\nEt voil√† j'ai 50 j'aime tr√®s contente, merci √† toutes et tous.  \n\nRenseignement √† mon sujet  : \n\n     Cela fait  4 ans que je suis cr√©atrice de bijoux fantaisies dans une petite boutique . Suite √† une forte demande de r√©paration  j 'ai d√©cid√© de  compl√©ter mon activit√© en proposant un service de r√©paration de bijoux et d'accessoires fantaisie chose que je ne peux pas faire en boutique.\n\nBonne soir√©e √† vous.  ;)",,"fr","295597620623105_297346817114852","Bonjour Aur√©lia, donc si j'ai un bijou a r√©parer tu m'invite et je viens quelques jours bisous √† ta petite famille ...",
"Enbrelys cr√©atrice de bijoux et d'accessoires fantaisie","259321830917351","Enbrel","fr","259321830917351_295068417342692","je partage ta page peux-tu partager la mienne Merci ;)\nCr√©ations Maison",,,,,
"Enbrelys cr√©atrice de bijoux et d'accessoires fantaisie","259321830917351","Enbrel","fr","259321830917351_295005324015668","Bonjour √† vous\n\nEt voil√† je me suis lanc√©, depuis hier matin je suis auto entrepreneur en tant que :  R√©paratrice et cr√©atrice d'accessoires et bijoux fantaisie !!!!!  \n\nVente de bijoux √† domicile . Devis gratuit  sur les bijoux √† r√©parer.\nJe fais des bijoux sur commande mm √† partir d'un mod√®le que vous avez vue dans un magasin ou autre . \n\nUn anniversaire, mariage , soir√©e etc .....................\n\nBonne journ√©e √† vous.",,"it","295005324015668_295022547347279","Felicitation ma belle :)",
"Enbrelys cr√©atrice de bijoux et d'accessoires fantaisie","259321830917351","Enbrel","fr","259321830917351_295005324015668","Bonjour √† vous\n\nEt voil√† je me suis lanc√©, depuis hier matin je suis auto entrepreneur en tant que :  R√©paratrice et cr√©atrice d'accessoires et bijoux fantaisie !!!!!  \n\nVente de bijoux √† domicile . Devis gratuit  sur les bijoux √† r√©parer.\nJe fais des bijoux sur commande mm √† partir d'un mod√®le que vous avez vue dans un magasin ou autre . \n\nUn anniversaire, mariage , soir√©e etc .....................\n\nBonne journ√©e √† vous.",,"fr","295005324015668_295009914015209","super, c 'est chouette!!! j attends mes boucles d'oreilles , que fais soeurette hihi MDR bonne journ√©e",
"Enbrelys cr√©atrice de bijoux et d'accessoires fantaisie","259321830917351","Enbrel","fr","259321830917351_292768074239393","bonjours √† toutes et tous \n \nbienvenue √† Mathilde Lepiez",,,,,
"Enbrelys cr√©atrice de bijoux et d'accessoires fantaisie","259321830917351","Enbrel","","259321830917351_291983930984474",,,,,,
"Enbrelys cr√©atrice de bijoux et d'accessoires fantaisie","259321830917351","Enbrel","fr","259321830917351_291982437651290","A toutes celles qui viennent de nous rejoindre sur ma page, n'h√©siter pas √† partager avec vos amies et familles. Bonne soir√©e et pour ceux devant la TV bon match!!!",,,,,
"Enbrelys cr√©atrice de bijoux et d'accessoires fantaisie","259321830917351","Enbrel","fr","259321830917351_291982037651330","bienvenue √† Marie Guehenneuc et Marie Loncle",,,,,
"Enbrelys cr√©atrice de bijoux et d'accessoires fantaisie","259321830917351","Enbrel","fr","259321830917351_291911970991670","bonjours √† tous!!!!  \n\nbienvenue √† Emilie Sanchez, Emilie Carro et Marijo f√©vrier",,,,,
"Enbrelys cr√©atrice de bijoux et d'accessoires fantaisie","259321830917351","Enbrel","","259321830917351_291845800998287",,,,,,
"Enbrelys cr√©atrice de bijoux et d'accessoires fantaisie","259321830917351","Enbrel","fr","259321830917351_291689194347281","BONSOIR \n\nBienvenue √† Julie Lepiez et Aur√©lie Arzur",,,,,
"Enbrelys cr√©atrice de bijoux et d'accessoires fantaisie","259321830917351","Enbrel","","259321830917351_291680054348195",,,,,,
"Enbrelys cr√©atrice de bijoux et d'accessoires fantaisie","259321830917351","Enbrel","fr","259321830917351_288062648043269","merci √† toutes et √† tous car je viens de d√©passer les 40 j'aime ;)",,,,,
"Enbrelys cr√©atrice de bijoux et d'accessoires fantaisie","259321830917351","Enbrel","fr","259321830917351_288062254709975","bonjour √† toutes et √† tous\n\nbienvenue √† Denis templier et Kelly Gourdan",,,,,
"Enbrelys cr√©atrice de bijoux et d'accessoires fantaisie","259321830917351","Enbrel","","259321830917351_287420431440824",,,,,,
"Enbrelys cr√©atrice de bijoux et d'accessoires fantaisie","259321830917351","Enbrel","","259321830917351_287408548108679",,,,,,
"Enbrelys cr√©atrice de bijoux et d'accessoires fantaisie","259321830917351","Enbrel","","259321830917351_284759081706959",,,,,,
"Enbrelys cr√©atrice de bijoux et d'accessoires fantaisie","259321830917351","Enbrel","fr","259321830917351_284314811751386","bienvenue √† Laurent Thomas",,,,,
"Enbrelys cr√©atrice de bijoux et d'accessoires fantaisie","259321830917351","Enbrel","fr","259321830917351_284126421770225","Bienvenue √† St√©phanie Le Bec.",,,,,
"Enbrelys cr√©atrice de bijoux et d'accessoires fantaisie","259321830917351","Enbrel","fr","259321830917351_284012491781618","bonjour √† toutes et √† tous \n\nbienvenue √† Kate Lyne et Anthony Lohou",,,,,
"Enbrelys cr√©atrice de bijoux et d'accessoires fantaisie","259321830917351","Enbrel","fr","259321830917351_283882015127999","Vous avez envie de sautoir l√©ger pour cette √©t√©! \nAlors faite vous plaisir en allant voir les mod√®les que j'ai cr√©e pour vous!!!",,,,,
"Enbrelys cr√©atrice de bijoux et d'accessoires fantaisie","259321830917351","Enbrel","fr","259321830917351_283881545128046","Bonsoir √† toutes et √† tous\n\nBienvenue √† Ang√©lique le Caz et Lionel Dusaussoy",,,,,
"Enbrelys cr√©atrice de bijoux et d'accessoires fantaisie","259321830917351","Enbrel","","259321830917351_283876255128575",,,"fr","283876255128575_283882498461284","Bon ben √† peine mis d√©j√† VENDU!!!",
"Enbrelys cr√©atrice de bijoux et d'accessoires fantaisie","259321830917351","Enbrel","","259321830917351_283872348462299",,,,,,
"Enbrelys cr√©atrice de bijoux et d'accessoires fantaisie","259321830917351","Enbrel","","259321830917351_282682791914588",,,"de","282682791914588_282997841883083","VENDU",
"Enbrelys cr√©atrice de bijoux et d'accessoires fantaisie","259321830917351","Enbrel","","259321830917351_282682791914588",,,"no","282682791914588_282692298580304","bien jouer mc fly !!!!!",
"Enbrelys cr√©atrice de bijoux et d'accessoires fantaisie","259321830917351","Enbrel","fr","259321830917351_282682398581294","Cadeau offert pour la f√™tes des m√®res.",,,,,
"Enbrelys cr√©atrice de bijoux et d'accessoires fantaisie","259321830917351","Enbrel","fr","259321830917351_282681761914691","Bonjour √† toutes et √† tous \n\n Comment allez-vous par un dimanche qui s'annonce magnifiquement beau! Moi tr√®s bien ;)",,,,,
"Enbrelys cr√©atrice de bijoux et d'accessoires fantaisie","259321830917351","Enbrel","fr","259321830917351_282315238618010","Bienvenue √† Yoann Morin, C√©line Le Graet Rouxel , Ludivine Lemee et Audrey Carro .",,,,,
"Enbrelys cr√©atrice de bijoux et d'accessoires fantaisie","259321830917351","Enbrel","en","259321830917351_281691388680395","BON SOIR A TOUTES ET A TOUS\n \nUN GRAND MERCI A TOUS D'AIMER MA PAGE. J'AI ATTEIND LES 30 J'AIME. ;)",,,,,
"Enbrelys cr√©atrice de bijoux et d'accessoires fantaisie","259321830917351","Enbrel","de","259321830917351_280977322085135","BONJOUR A TOUTES\n\nJ'ESPERES  QUE COMME MOI VOUS AVEZ PASSE UNE BONNE FETE DES MAMANS.",,,,,
"Enbrelys cr√©atrice de bijoux et d'accessoires fantaisie","259321830917351","Enbrel","fr","259321830917351_280537638795770","BO   12euros SOLDE 10,20 euros",,,,,
"Enbrelys cr√©atrice de bijoux et d'accessoires fantaisie","259321830917351","Enbrel","fr","259321830917351_279529008896633","La cliente √† trouv√© un jolie liberty pour faire le changement.",,,,,
"Enbrelys cr√©atrice de bijoux et d'accessoires fantaisie","259321830917351","Enbrel","","259321830917351_279528132230054",,,"de","279528132230054_280267052156162","VENDU",
"Enbrelys cr√©atrice de bijoux et d'accessoires fantaisie","259321830917351","Enbrel","fr","259321830917351_279262142256653","bonjour !!!!!\n\nbon le soleil fait cache cache avec nous aujourd'hui. \n Bienvenue √† Justine Lepiez.  ;)",,,,,
"Enbrelys cr√©atrice de bijoux et d'accessoires fantaisie","259321830917351","Enbrel","","259321830917351_278722135643987",,,"de","278722135643987_378500528999480","VENDU",
"Enbrelys cr√©atrice de bijoux et d'accessoires fantaisie","259321830917351","Enbrel","","259321830917351_278722135643987",,,"fr","278722135643987_288591524657048","bonsoir Ang√®le , les boucles sont de cot√© tu peux les prendre quand tu veux. bonne soir√©e.",
"Enbrelys cr√©atrice de bijoux et d'accessoires fantaisie","259321830917351","Enbrel","","259321830917351_278722135643987",,,"fr","278722135643987_280266692156198","OK c'est fait. ;) RESERVE",
"Enbrelys cr√©atrice de bijoux et d'accessoires fantaisie","259321830917351","Enbrel","","259321830917351_278722135643987",,,"fr","278722135643987_280222738827260","coucou, c'est encore moi, je te les ach√®te, tu peux me les mettre de cot√© pour le mois prochain, tu me tiens au courant!! Merci √† bientot",
"Enbrelys cr√©atrice de bijoux et d'accessoires fantaisie","259321830917351","Enbrel","fr","259321830917351_278553902327477","bonsoir √† toutes et √† tous!!!!\n\nQuel belle journ√©e aujourd'hui!!!!!! Le soleil fait vraiment du bien au moral. J'ai d√©cid√© de mettre une deuxi√®me corde √† mon arc, en plus de vous proposez mes services de r√©parations, je vais cr√©e moi aussi divers bijoux. ",,,,,
"Enbrelys cr√©atrice de bijoux et d'accessoires fantaisie","259321830917351","Enbrel","fr","259321830917351_277323832450484","bonjour √† toutes et √† tous.\n\nEt voil√† il me manque 5 j'aime sur ma page.\n\nSurtout n'h√©siter pas √† me solliciter pour les boucles d'oreilles, je peux les faire en d'autre colories !",,,,,
"Enbrelys cr√©atrice de bijoux et d'accessoires fantaisie","259321830917351","Enbrel","fr","259321830917351_274214729428061","bonjour √† toutes.\n\nN'h√©siter pas √† aimer MA PAGE et de la partager avec vos contactes.  Merci d'aimer les photos des r√©parations , transformations et des cr√©ations de boucles d'oreilles que je partage avec vous ;)",,,,,
"Enbrelys cr√©atrice de bijoux et d'accessoires fantaisie","259321830917351","Enbrel","","259321830917351_273522192830648",,,,,,
"Enbrelys cr√©atrice de bijoux et d'accessoires fantaisie","259321830917351","Enbrel","fr","259321830917351_272494449600089","bonjour √† toutes sous un dimanche bien gris et pluvieux. :(",,,,,
"Enbrelys cr√©atrice de bijoux et d'accessoires fantaisie","259321830917351","Enbrel","fr","259321830917351_267197170129817","bonjour √† vous \n\nbelle journ√©e!!! Bienvenue √† S√©verine Brianne",,,,,
"Enbrelys cr√©atrice de bijoux et d'accessoires fantaisie","259321830917351","Enbrel","","259321830917351_266597196856481",,,,,,
"Enbrelys cr√©atrice de bijoux et d'accessoires fantaisie","259321830917351","Enbrel","fr","259321830917351_266594240190110","Il me manque 8 j'aime!!!!!! Alors dite √† vos amies de partager avec leurs amies etc.............. MERCI √† celles et ceux qui l'on fait ;)",,,,,
"Enbrelys cr√©atrice de bijoux et d'accessoires fantaisie","259321830917351","Enbrel","fr","259321830917351_266590406857160","bonjour √† toutes!!!\n \nSi vous avez ou quelqu'un dans votre entourage  a un collier de perles de culture ou bracelet a faire remonter avec des n≈ìuds a faire entre chaque perles, n'h√©siter pas √† me le demander et faite le savoir autour de vous. bonne journ√©e!",,,,,
"Enbrelys cr√©atrice de bijoux et d'accessoires fantaisie","259321830917351","Enbrel","fr","259321830917351_263509997165201","Bonjour √† toutes! \n\nSi comme ma cliente vous avez envie d'acheter des kits de bijoux mais ne savez pas comment faire ou n'avez pas d'outils pour le r√©aliser ! Je suis l√† pour vous le faire.",,,,,
"Enbrelys cr√©atrice de bijoux et d'accessoires fantaisie","259321830917351","Enbrel","fr","259321830917351_262410017275199","Bonjour √† toutes.    \n\n   Je peux r√©aliser des mod√®les de bijoux d'apr√®s un mod√®le que vous avez vue.  M√™me pour les MARIAGES.  Bonne journ√©e √† toutes",,,,,
"Enbrelys cr√©atrice de bijoux et d'accessoires fantaisie","259321830917351","Enbrel","fr","259321830917351_262409040608630","voil√† le r√©sultat !",,,,,
"Enbrelys cr√©atrice de bijoux et d'accessoires fantaisie","259321830917351","Enbrel","fr","259321830917351_261908593992008","Un grand MERCI aux personnes qui me confie leurs bijoux !!!",,"fr","261908593992008_287448961437971","cc t'inquietes j'aime beaucoup le principe et tu me connais bijoux fantaisies j'adore j'ai deux bracelets √†remonter quand j'aurai le temps bis !!!!!!! a bientot",
"Enbrelys cr√©atrice de bijoux et d'accessoires fantaisie","259321830917351","Enbrel","fr","259321830917351_261871427329058","BONJOUR, alors une journ√©e grise et froide! ;(  \n\nR√©paration,remontage ou transformation? DEVIS GRATUIT EN MP.",,,,,
"Enbrelys cr√©atrice de bijoux et d'accessoires fantaisie","259321830917351","Enbrel","fr","259321830917351_261898303993037","Une fois assembl√©e",,,,,
"Enbrelys cr√©atrice de bijoux et d'accessoires fantaisie","259321830917351","Enbrel","fr","259321830917351_261568870692647","bonjour √† toute!!!!! bon dimanche",,,,,
"Enbrelys cr√©atrice de bijoux et d'accessoires fantaisie","259321830917351","Enbrel","fr","259321830917351_260455517470649","Bracelet et collier trop cour!!!! demander moi",,,,,
"Enbrelys cr√©atrice de bijoux et d'accessoires fantaisie","259321830917351","Enbrel","fr","259321830917351_260122577503943","Coucou √† toutes \n\nNous avons toutes dans une bo√Æte des bijoux fantaisies ou non fantaisies. Mais malheureusement ils vous on l√¢ch√©s ! ( fermoirs cass√©s , fils us√©s , √©lastique cass√© , tiges ab√Æm√©s , perte ou casse de perles ..........) je peux m√™me faire des transformation! Tous les appr√™ts fantaisies sans nickel !!!!!\n \nN 'h√©sitez pas √†  me contacter! \nBonne journ√©e",,"fr","260122577503943_291865247663009","cc aurelia je voudrais un renseignement pourrais tu rendre le brillant a de l'ambre tres tres vieux je possed un collier et un bracelet qui est a remonte de ma grand mere donc qui a au moins un siecle qui nest tout terne et j'y tiens quand penses tu merci",
"Enbrelys cr√©atrice de bijoux et d'accessoires fantaisie","259321830917351","Enbrel","fr","259321830917351_259827844200083","bonjour √† toutes, bon une journ√©e sous un ciel gris !!!",,,,,
"Enbrelys cr√©atrice de bijoux et d'accessoires fantaisie","259321830917351","Enbrel","fr","259321830917351_259550224227845","c'est ma soeur (pour mes contacts facebook)\n",,"it","259550224227845_610362","merci sister!",
"Enbrelys cr√©atrice de bijoux et d'accessoires fantaisie","259321830917351","Enbrel","fr","259321830917351_259545814228286","Je redonne la chance √† vos bijoux fantaisies d'√™tre port√© √† nouveau. Pour me contacter en MP. PARTAGE avec vos contacts!!!!",,,,,
"Enbrel Meeting Rm","270483656364169","Enbrel",,,,,,,,
